"","Post_ID","Cluster","Language","Ratio_Eng","Ratio_Ger"
"1","28","2","German",0.0294117647058824,0.394957983193277
"2","4485","1","English",0.51271186440678,0.038135593220339
"3","27","2","German",0.0211267605633803,0.387323943661972
"4","4481","1","English",0.421052631578947,0.0150375939849624
"5","39","2","German",0.0153374233128834,0.340490797546012
"6","5230","1","English",0.419642857142857,0.0178571428571429
"7","43","2","German",0.0179282868525896,0.414342629482072
"8","4477","1","English",0.544753086419753,0.0555555555555556
"9","44","2","German",0.0385395537525355,0.398580121703854
"10","4264","1","English",0.472837022132797,0.0412474849094567
"11","4474","1","English",0.507177033492823,0.0526315789473684
"12","45","2","German",0.0450819672131148,0.401639344262295
"13","4267","1","English",0.551369863013699,0.0376712328767123
"14","46","2","German",0.0434782608695652,0.440217391304348
"15","48","2","German",0.0307692307692308,0.487179487179487
"16","4471","1","English",0.5,0.0454545454545455
"17","51","2","German",0.0229132569558101,0.39443535188216
"18","4261","1","English",0.446740858505564,0.0286168521462639
"19","4468","1","English",0.443298969072165,0.0412371134020619
"20","57","2","German",0.0606060606060606,0.353535353535354
"21","59","2","German",0.0280269058295964,0.423766816143498
"22","4465","1","English",0.475,0.0340909090909091
"23","63","2","German",0.0609756097560976,0.469512195121951
"24","66","2","German",0.0435967302452316,0.253405994550409
"25","4252","1","English",0.323155216284987,0.0178117048346056
"26","4461","1","English",0.539402173913043,0.0441576086956522
"27","67","2","German",0.0454914703493095,0.435418359057677
"28","4276","1","English",0.508389261744966,0.0469798657718121
"29","71","2","German",0.0332749562171629,0.418563922942207
"30","4249","1","English",0.498694516971279,0.0339425587467363
"31","85","2","German",0.0316622691292876,0.411609498680739
"32","4246","1","English",0.484848484848485,0.0727272727272727
"33","82","2","German",0.0457516339869281,0.359477124183007
"34","4458","1","English",0.463184931506849,0.0333904109589041
"35","99","2","German",0.0344234079173838,0.366609294320138
"36","4455","1","English",0.42809364548495,0.0250836120401338
"37","130","2","German",0.0356536502546689,0.365025466893039
"38","202","2","German",0.0420650095602294,0.426386233269598
"39","4240","1","English",0.509401709401709,0.0393162393162393
"40","4450","1","English",0.397590361445783,0.0120481927710843
"41","211","2","German",0.012987012987013,0.337662337662338
"42","4447","1","English",0.448464912280702,0.0449561403508772
"43","222","2","German",0.0363636363636364,0.396791443850267
"44","4444","1","English",0.397435897435897,0.0384615384615385
"45","244","2","German",0.0163934426229508,0.344262295081967
"46","254","2","German",0.0452342487883683,0.508885298869144
"47","4441","1","English",0.5814696485623,0.0527156549520767
"48","4438","1","English",0.373737373737374,0.0303030303030303
"49","274","2","German",0.00980392156862745,0.284313725490196
"50","288","2","German",0.0517241379310345,0.448275862068966
"51","4433","1","English",0.389830508474576,0.0169491525423729
"52","4430","1","English",0.417808219178082,0.0410958904109589
"53","302","2","German",0.0147058823529412,0.345588235294118
"54","305","2","German",0.040590405904059,0.498154981549816
"55","4427","1","English",0.584586466165414,0.0413533834586466
"56","4424","1","English",0.552173913043478,0.0434782608695652
"57","318","2","German",0.0501519756838906,0.468085106382979
"58","4420","1","English",0.52411575562701,0.022508038585209
"59","323","2","German",0.0120481927710843,0.421686746987952
"60","327","2","German",0.0634920634920635,0.428571428571429
"61","4417","1","English",0.409090909090909,0.0151515151515152
"62","4414","1","English",0.469767441860465,0.0372093023255814
"63","333","2","German",0.0340909090909091,0.362373737373737
"64","4411","1","English",0.47377938517179,0.0198915009041591
"65","391","2","German",0.0673575129533679,0.376511226252159
"66","4408","1","English",0.517799352750809,0.0388349514563107
"67","417","2","German",0.0511945392491468,0.348122866894198
"68","447","2","German",0.0462107208872458,0.414048059149723
"69","4229","1","English",0.514506769825919,0.0618955512572534
"70","475","2","German",0.0307101727447217,0.489443378119002
"71","4235","1","English",0.575452716297787,0.0422535211267606
"72","4210","1","English",0.583333333333333,0.0208333333333333
"73","486","2","German",0.0148514851485149,0.400990099009901
"74","483","2","German",0.03690036900369,0.457564575645756
"75","4214","1","English",0.477449455676516,0.0279937791601866
"76","494","2","German",0.050314465408805,0.367924528301887
"77","524","2","German",0.0299823633156966,0.440917107583774
"78","4217","1","English",0.549056603773585,0.0339622641509434
"79","543","2","German",0.0454545454545455,0.480716253443526
"80","4226","1","English",0.56786703601108,0.0373961218836565
"81","4204","1","English",0.494558645707376,0.0157194679564692
"82","469","2","German",0.0271604938271605,0.420987654320988
"83","4401","1","English",0.504807692307692,0.0264423076923077
"84","572","2","German",0.0320197044334975,0.411330049261084
"85","589","2","German",0.0223463687150838,0.407821229050279
"86","614","2","German",0.0192307692307692,0.358173076923077
"87","624","2","German",0.0269230769230769,0.315384615384615
"88","738","2","German",0.0555555555555556,0.243055555555556
"89","4199","1","English",0.266666666666667,0.0222222222222222
"90","740","2","German",0.114528101802757,0.223753976670201
"91","4398","1","English",0.350842418235877,0.020812685827552
"92","763","2","German",0.039647577092511,0.44273127753304
"93","779","2","German",0.032183908045977,0.4
"94","803","2","German",0.0277227722772277,0.4
"95","4389","1","English",0.425133689839572,0.0494652406417112
"96","815","2","German",0.0416107382550336,0.348993288590604
"97","847","2","German",0.0418353576248313,0.446693657219973
"98","868","2","German",0.0295527156549521,0.436102236421725
"99","4382","1","English",0.555805243445693,0.0389513108614232
"100","890","2","German",0.0508474576271186,0.305084745762712
"101","4190","1","English",0.410958904109589,0.0410958904109589
"102","4185","1","English",0.486666666666667,0.04
"103","885","2","German",0.0386473429951691,0.41304347826087
"104","1327","2","German",0.0661971830985915,0.277464788732394
"105","4386","1","English",0.330745341614907,0.0139751552795031
"106","4379","1","English",0.486133768352365,0.0391517128874388
"107","978","2","German",0.0458015267175573,0.337786259541985
"108","4363","1","English",0.504273504273504,0.0427350427350427
"109","1365","2","German",0.112068965517241,0.387931034482759
"110","1348","2","German",0.0285714285714286,0.357142857142857
"111","899","2","German",0.0321395775941231,0.390725436179982
"112","4376","1","English",0.502069536423841,0.0339403973509934
"113","4373","1","English",0.507534246575343,0.0342465753424658
"114","1417","2","German",0.0415200562983814,0.41871921182266
"115","4369","1","English",0.502222222222222,0.0362962962962963
"116","1433","2","German",0.0553935860058309,0.371720116618076
"117","4182","1","English",0.607764390896921,0.0334672021419009
"118","1415","2","German",0.0484522207267833,0.502018842530283
"119","4366","1","English",0.510344827586207,0.0275862068965517
"120","1500","2","German",0.0340136054421769,0.408163265306122
"121","4194","1","English",0.547008547008547,0.0512820512820513
"122","1503","2","German",0.0280146163215591,0.46285018270402
"123","1354","2","German",0.0581929555895865,0.347626339969372
"124","4320","1","English",0.450146627565982,0.0278592375366569
"125","1592","2","German",0.0271790065604499,0.393626991565136
"126","4314","1","English",0.503780718336484,0.0510396975425331
"127","1634","2","German",0.044,0.436
"128","1660","2","German",0.0525854513584575,0.390008764241893
"129","4308","1","English",0.565217391304348,0.0652173913043478
"130","1693","2","German",0.0385964912280702,0.463157894736842
"131","4177","1","English",0.537906137184116,0.0324909747292419
"132","4172","1","English",0.561904761904762,0.0333333333333333
"133","1463","2","German",0.0358851674641148,0.461722488038278
"134","1944","2","German",0.0348837209302326,0.476744186046512
"135","4303","1","English",0.505952380952381,0.0535714285714286
"136","4166","1","English",0.513513513513513,0.0135135135135135
"137","2073","2","German",0.0254777070063694,0.43312101910828
"138","4297","1","English",0.575949367088608,0.0221518987341772
"139","2076","2","German",0.039647577092511,0.462555066079295
"140","4323","1","English",0.571134020618557,0.0515463917525773
"141","2081","2","German",0.0700692041522491,0.402249134948097
"142","4326","1","English",0.549763033175355,0.0387045813586098
"143","2102","2","German",0.075147473711208,0.395229546037445
"144","4329","1","English",0.529215358931553,0.0400667779632721
"145","2195","2","German",0.0703043022035677,0.450157397691501
"146","4332","1","English",0.571125265392781,0.0360934182590234
"147","2227","2","German",0.0625,0.5875
"148","2245","2","German",0,0.6
"149","4335","1","English",0.4435318275154,0.0236139630390144
"150","4338","1","English",0.556675062972292,0.0239294710327456
"151","4341","1","English",0.628841607565012,0.0591016548463357
"152","2228","2","German",0.103448275862069,0.436781609195402
"153","4298","1","English",0.410071942446043,0.0215827338129496
"154","2259","1","English",0.339195979899498,0.0527638190954774
"155","4358","1","English",0.538967136150235,0.0413145539906103
"156","2275","2","German",0.0373647984267453,0.433628318584071
"157","2288","2","German",0.0376344086021505,0.413978494623656
"158","4353","1","English",0.538812785388128,0.0730593607305936
"159","2383","2","German",0.0323383084577114,0.458955223880597
"160","4348","1","English",0.545348837209302,0.0244186046511628
"161","4344","1","English",0.560165975103734,0.04149377593361
"162","2190","2","German",0.0454545454545455,0.450757575757576
"163","4313","1","English",0.555932203389831,0.0406779661016949
"164","2295","2","German",0.0594405594405594,0.451048951048951
"165","2464","2","German",0.171849427168576,0.219312602291326
"166","4284","1","English",0.413290113452188,0.0372771474878444
"167","2300","2","German",0.262048192771084,0.271084337349398
"168","4280","1","English",0.511254019292605,0.045016077170418
"169","2515","2","German",0.0376712328767123,0.434931506849315
"170","2303","2","German",0.0727848101265823,0.40506329113924
"171","4288","1","English",0.574640287769784,0.0377697841726619
"172","1466","2","German",0.0262901655306719,0.455696202531646
"173","2539","2","German",0.055,0.465
"174","2551","2","German",0.0912863070539419,0.317427385892116
"175","4291","1","English",0.469367588932806,0.0227272727272727
"176","4232","1","English",0.400753768844221,0.0376884422110553
"177","2699","2","German",0.0254237288135593,0.406779661016949
"178","4163","1","English",0.507575757575758,0.0454545454545455
"179","2706","2","German",0.0554371002132196,0.445628997867804
"180","4159","1","English",0.573896353166987,0.0307101727447217
"181","2713","2","German",0.0637450199203187,0.239043824701195
"182","4145","1","English",0.330645161290323,0.00806451612903226
"183","4304","1","English",0.546961325966851,0.0331491712707182
"184","4150","1","English",0.552036199095023,0.0271493212669683
"185","2718","2","German",0.0191387559808612,0.401913875598086
"186","4139","1","English",0.559278350515464,0.0309278350515464
"187","2724","2","German",0.0374331550802139,0.457219251336898
"188","4259","1","English",0.545454545454545,0.0707070707070707
"189","2733","2","German",0.0377358490566038,0.425576519916143
"190","4155","1","English",0.582582582582583,0.015015015015015
"191","2752","2","German",0.023728813559322,0.454237288135593
"192","2739","2","German",0.0343347639484979,0.459227467811159
"193","4243","1","English",0.562814070351759,0.0301507537688442
"194","2771","2","German",0.0578734858681023,0.278600269179004
"195","2796","2","German",0.0178117048346056,0.417302798982188
"196","4224","1","English",0.491847826086957,0.0543478260869565
"197","2808","2","German",0.0475192173305381,0.387840670859539
"198","4207","1","English",0.492782152230971,0.0485564304461942
"199","2810","2","German",0.0452127659574468,0.417553191489362
"200","4133","1","English",0.508599508599509,0.0565110565110565
"201","2949","2","German",0.0321428571428571,0.435714285714286
"202","4197","1","English",0.487603305785124,0.0578512396694215
"203","4128","1","English",0.545454545454545,0.0303030303030303
"204","3001","2","German",0,0.43859649122807
"205","4127","1","English",0.545931758530184,0.0236220472440945
"206","3005","2","German",0.0258992805755396,0.444604316546763
"207","4174","1","English",0.541383989145183,0.0135685210312076
"208","2943","2","German",0.183082271147161,0.240440324449594
"209","4160","1","English",0.431203223949338,0.0276338514680484
"210","3029","2","German",0.0379310344827586,0.396551724137931
"211","4138","1","English",0.634469696969697,0.03125
"212","3077","2","German",0.0313390313390313,0.484330484330484
"213","3089","2","German",0.0431034482758621,0.456896551724138
"214","4097","1","English",0.594202898550725,0.0652173913043478
"215","3091","2","German",0.0227518959913326,0.408450704225352
"216","3117","2","German",0.0366197183098592,0.383098591549296
"217","4122","1","English",0.474926253687316,0.0383480825958702
"218","3119","2","German",0.0215827338129496,0.366906474820144
"219","4121","1","English",0.421478060046189,0.0300230946882217
"220","3175","2","German",0.0319410319410319,0.358722358722359
"221","3240","2","German",0.0495495495495495,0.414414414414414
"222","3219","2","German",0.0309205903021785,0.416725228390724
"223","4111","1","English",0.482985074626866,0.0423880597014925
"224","3169","2","German",0.0427509293680297,0.393122676579926
"225","4114","1","English",0.520379146919431,0.0312796208530806
"226","3288","2","German",0.0304990757855823,0.413123844731978
"227","4108","1","English",0.496402877697842,0.0260791366906475
"228","4085","1","English",0.6248821866164,0.0179076343072573
"229","3314","2","German",0.0310981535471331,0.503401360544218
"230","4095","1","English",0.546979865771812,0.0469798657718121
"231","3325","2","German",0.0363636363636364,0.432727272727273
"232","4105","1","English",0.261306532663317,0.0301507537688442
"233","3354","2","German",0.029126213592233,0.233009708737864
"234","4104","1","English",0.307894736842105,0.0105263157894737
"235","3365","2","German",0.0275482093663912,0.225895316804408
"236","3372","2","German",0.0178571428571429,0.3125
"237","4059","1","English",0.393162393162393,0.0170940170940171
"238","3392","2","German",0.0618556701030928,0.446735395189003
"239","4072","1","English",0.620588235294118,0.0470588235294118
"240","3418","2","German",0.025974025974026,0.424242424242424
"241","4076","1","English",0.362068965517241,0.137931034482759
"242","3430","2","German",0.00709219858156028,0.411347517730496
"243","4088","1","English",0.458646616541353,0.0601503759398496
"244","4084","1","English",0.426153846153846,0.0446153846153846
"245","3426","2","German",0.0477815699658703,0.325938566552901
"246","3493","2","German",0.035650623885918,0.486631016042781
"247","4081","1","English",0.651555555555556,0.0222222222222222
"248","3499","2","German",0.118195956454121,0.326594090202177
"249","3569","2","German",0.00628930817610063,0.389937106918239
"250","4064","1","English",0.463855421686747,0.0301204819277108
"251","4058","1","English",0.345882352941176,0.0258823529411765
"252","3588","2","German",0.0374449339207048,0.325991189427313
"253","3597","2","German",0.0280701754385965,0.449122807017544
"254","3602","2","German",0.0404624277456647,0.442196531791907
"255","3638","2","German",0.0301369863013699,0.487671232876712
"256","3649","2","German",0.0351681957186544,0.489296636085627
"257","3684","2","German",0.0383889238514789,0.427312775330396
"258","3707","2","German",0.0511440107671602,0.383580080753701
"259","3981","1","English",0.546906187624751,0.0479041916167665
"260","3698","2","German",0.0718816067653277,0.374207188160677
"261","4010","1","English",0.572490706319703,0.0520446096654275
"262","3766","2","German",0.0395256916996047,0.407114624505929
"263","3778","2","German",0.0663329161451815,0.354192740926158
"264","4025","1","English",0.453596287703016,0.0359628770301624
"265","3733","2","German",0.0353063343717549,0.375908618899273
"266","4027","1","English",0.441835645677695,0.0352187833511206
"267","4015","1","English",0.506185567010309,0.0360824742268041
"268","3839","1","English",0.287344398340249,0.193983402489627
"269","3832","2","German",0.0262172284644195,0.445692883895131
"270","4007","1","English",0.552044609665427,0.0427509293680297
"271","3876","2","German",0.0217391304347826,0.403381642512077
"272","3989","1","English",0.479902557856273,0.0389768574908648
"273","3874","2","German",0.0470446320868516,0.41254523522316
"274","3915","2","German",0.0439814814814815,0.458333333333333
"275","3970","1","English",0.543352601156069,0.0597302504816956
"276","3956","2","German",0.0192307692307692,0.403846153846154
"277","3965","1","English",0.566265060240964,0.0240963855421687
"278","4493","2","German",0.171328671328671,0.195804195804196
"279","4496","1","English",0.406040268456376,0.0268456375838926
"280","4501","2","German",0.0285296269202634,0.47037307973665
"281","3909","2","German",0.0337349397590361,0.437349397590361
"282","4522","1","English",0.538929440389294,0.0596107055961071
"283","4549","1","English",0.52670349907919,0.0285451197053407
"284","4543","2","German",0.0372549019607843,0.423529411764706
"285","4631","1","English",0.493470790378007,0.0281786941580756
"286","4578","2","German",0.0652492668621701,0.414222873900293
"287","4671","1","English",0.569004524886878,0.0463800904977376
"288","4581","2","German",0.019893899204244,0.448275862068966
"289","4679","1","English",0.44,0.048
"290","4718","2","German",0.0196078431372549,0.529411764705882
"291","4723","2","German",0.0273270708795901,0.445772843723313
"292","2387","1","English",0.539956803455723,0.0269978401727862
"293","4789","2","German",0.0264227642276423,0.46239837398374
"294","4807","1","English",0.539018503620273,0.0345937248592116
"295","4795","2","German",0.102173913043478,0.326086956521739
"296","4822","1","English",0.515810276679842,0.033596837944664
"297","4851","2","German",0.0366300366300366,0.498168498168498
"298","4854","1","English",0.652307692307692,0.0276923076923077
"299","4892","2","German",0.0540827147401909,0.404029692470838
"300","4902","1","English",0.502884615384615,0.0307692307692308
"301","4701","2","German",0.0335766423357664,0.351824817518248
"302","4765","1","English",0.45359477124183,0.0326797385620915
"303","4938","2","German",0.0116279069767442,0.38953488372093
"304","4942","2","German",0.0507982583454282,0.455732946298984
"305","4860","1","English",0.557284299858557,0.0297029702970297
"306","4975","2","German",0.023876404494382,0.460674157303371
"307","4970","1","English",0.539267015706806,0.0274869109947644
"308","5005","2","German",0.0478971962616822,0.434579439252336
"309","4838","1","English",0.502518891687657,0.0453400503778338
"310","4893","2","German",0.0514285714285714,0.365714285714286
"311","4957","1","English",0.5,0.0518867924528302
"312","5101","1","English",0.559055118110236,0.0748031496062992
"313","5097","2","German",0.0384615384615385,0.423076923076923
"314","5096","2","German",0.024390243902439,0.349593495934959
"315","5035","2","German",0.0461811722912966,0.418294849023091
"316","5164","1","English",0.498324958123953,0.0351758793969849
"317","5195","1","English",0.469798657718121,0.0167785234899329
"318","5179","2","German",0.0594405594405594,0.381118881118881
"319","5235","2","German",0.0362976406533575,0.442831215970962
"320","5262","1","English",0.524642289348172,0.0445151033386327
"321","5290","2","German",0.043338683788122,0.499197431781701
"322","5297","1","English",0.636650868878357,0.028436018957346
"323","5277","2","German",0.0245098039215686,0.41421568627451
"324","5336","1","English",0.613583138173302,0.0501170960187354
"325","5332","2","German",0.0651760228353949,0.451950523311132
"326","5353","2","German",0.0372960372960373,0.482517482517482
"327","5362","2","German",0.0378787878787879,0.431818181818182
"328","5424","2","German",0.0575221238938053,0.433628318584071
"329","5430","1","English",0.541176470588235,0.0627450980392157
"330","5464","2","German",0.0226757369614512,0.396825396825397
"331","5467","1","English",0.476293103448276,0.021551724137931
"332","5417","2","German",0.040625,0.290625
"333","5438","1","English",0.546910755148741,0.0526315789473684
"334","5435","2","German",0.0417633410672854,0.4292343387471
"335","5503","2","German",0.0372148859543818,0.428571428571429
"336","5506","1","English",0.533185840707965,0.0464601769911504
"337","5517","1","English",0.568402471315093,0.030891438658429
"338","5557","2","German",0.0238726790450928,0.485411140583554
"339","5581","2","German",0.0483383685800604,0.356495468277946
"340","5585","1","English",0.466275659824047,0.0557184750733138
"341","5594","2","German",0.0558659217877095,0.444134078212291
"342","5623","2","German",0.0408653846153846,0.423076923076923
"343","5636","2","German",0.0590659340659341,0.438186813186813
"344","5326","2","German",0.0823529411764706,0.388235294117647
"345","5683","1","English",0.485148514851485,0.0396039603960396
"346","5688","1","English",0.491094147582697,0.0203562340966921
"347","5719","2","German",0.0598290598290598,0.403133903133903
"348","5707","1","English",0.519154557463672,0.0290620871862616
"349","5740","2","German",0.0221752903907075,0.382259767687434
"350","5729","1","English",0.447991761071061,0.0350154479917611
"351","5757","1","English",0.504875406283857,0.0433369447453954
"352","5767","2","German",0.0277207392197125,0.428131416837782
"353","5817","1","English",0.547275641025641,0.0288461538461538
"354","5835","2","German",0.0401396160558464,0.43630017452007
"355","5851","1","English",0.520318725099602,0.0262948207171315
"356","5887","2","German",0.0325064157399487,0.408896492728828
"357","5868","2","German",0.0223463687150838,0.483240223463687
"358","5924","1","English",0.46,0.0258823529411765
"359","5974","2","German",0.0342075256556442,0.344355758266819
"360","6016","2","German",0.0202020202020202,0.458585858585859
"361","5910","2","German",0.0332369942196532,0.416184971098266
"362","6048","2","German",0.0347826086956522,0.37536231884058
"363","6092","1","English",0.479349186483104,0.0425531914893617
"364","6117","2","German",0.0236686390532544,0.378698224852071
"365","6163","2","German",0.033195020746888,0.393153526970954
"366","6131","1","English",0.484615384615385,0.0397435897435897
"367","6205","2","German",0.0340314136125654,0.494764397905759
"368","6237","1","English",0.524675324675325,0.0441558441558442
"369","6254","2","German",0.0317124735729387,0.408033826638478
"370","6193","1","English",0.53411306042885,0.0389863547758285
"371","6266","2","German",0.0490066225165563,0.490066225165563
"372","6471","2","German",0.01985559566787,0.476534296028881
"373","6317","2","German",0.0387931034482759,0.405172413793103
"374","6300","2","German",0.0179533213644524,0.44524236983842
"375","6302","1","English",0.590509666080844,0.0527240773286467
"376","6484","1","English",0.368263473053892,0.0293413173652695
"377","6345","2","German",0.0478632478632479,0.422222222222222
"378","6263","1","English",0.53015873015873,0.026984126984127
"379","6609","2","German",0.0240963855421687,0.484939759036145
"380","6594","2","German",0.0303921568627451,0.437254901960784
"381","6674","1","English",0.528478057889823,0.0252100840336134
"382","2920","2","German",0.0553892215568862,0.401946107784431
"383","6632","1","English",0.510878323932313,0.0338436744560838
"384","6706","2","German",0.0212933753943218,0.371451104100946
"385","6356","2","German",0.0452830188679245,0.362264150943396
"386","6378","1","English",0.462406015037594,0.0225563909774436
"387","6880","2","German",0.0305882352941176,0.402352941176471
"388","6785","1","English",0.457119741100324,0.0315533980582524
"389","7010","1","English",0.487785657998424,0.0441292356185973
"390","6851","1","English",0.379518072289157,0.0220883534136546
"391","7018","1","English",0.486058301647655,0.0297845373891001
"392","7162","2","German",0.0390143737166324,0.364134154688569
"393","9189","1","English",0.500994035785288,0.0188866799204771
"394","7184","2","German",0.0391156462585034,0.362244897959184
"395","7057","1","English",0.482235381199112,0.0299777942264989
"396","6697","2","German",0.0662961492655816,0.339023421992854
"397","9185","1","English",0.356989247311828,0.0247311827956989
"398","7213","2","German",0.0336538461538462,0.375
"399","6577","2","German",0.0451745379876797,0.373716632443532
"400","7314","1","English",0.526416906820365,0.0278578290105668
"401","7262","1","English",0.437100213219616,0.0383795309168444
"402","7214","2","German",0.0477855477855478,0.375291375291375
"403","7381","2","German",0.0246360582306831,0.387458006718925
"404","7375","1","English",0.560283687943262,0.0260047281323877
"405","7340","2","German",0.037037037037037,0.486111111111111
"406","7411","1","English",0.39349593495935,0.0130081300813008
"407","7353","2","German",0.059190031152648,0.420560747663551
"408","7415","1","English",0.434351145038168,0.0396946564885496
"409","7244","2","German",0.0345285524568393,0.290836653386454
"410","7248","1","English",0.34412955465587,0.0175438596491228
"411","7684","1","English",0.375757575757576,0.0181818181818182
"412","7745","2","German",0.0260989010989011,0.383241758241758
"413","7275","2","German",0.0189328743545611,0.450946643717728
"414","7785","1","English",0.575250836120401,0.0217391304347826
"415","7846","2","German",0.0338645418326693,0.398406374501992
"416","7803","1","English",0.468652037617555,0.0274294670846395
"417","7829","2","German",0.0657686212361331,0.361331220285261
"418","7895","2","German",0.0899470899470899,0.407407407407407
"419","7904","1","English",0.54066985645933,0.0478468899521531
"420","7936","1","English",0.523212969786293,0.0397936624907885
"421","7965","2","German",0.0343511450381679,0.432824427480916
"422","7916","2","German",0.0544181034482759,0.410021551724138
"423","8020","2","German",0.0470588235294118,0.389915966386555
"424","8073","1","English",0.43040293040293,0.0476190476190476
"425","8128","2","German",0.0351758793969849,0.419095477386935
"426","8135","2","German",0.0393258426966292,0.5
"427","8137","1","English",0.575376884422111,0.042713567839196
"428","8152","2","German",0.0259365994236311,0.397694524495677
"429","8166","2","German",0.0311778290993072,0.420323325635104
"430","9195","2","German",0.0548780487804878,0.0365853658536585
"431","9177","1","English",0.528532608695652,0.0448369565217391
"432","8204","2","German",0.052060737527115,0.411424439624006
"433","8243","2","German",0.0340136054421769,0.418367346938776
"434","8304","2","German",0.0238095238095238,0.400352733686067
"435","8323","1","English",0.468606431852986,0.0306278713629403
"436","8357","2","German",0.0903703703703704,0.355555555555556
"437","8348","2","German",0.0154373927958834,0.445969125214408
"438","8431","2","German",0.0266666666666667,0.407407407407407
"439","8454","2","German",0.0424242424242424,0.354112554112554
"440","7660","2","German",0.0354243542435424,0.425830258302583
"441","8653","1","English",0.496669133974833,0.0310880829015544
"442","8675","2","German",0.0389057750759878,0.442553191489362
"443","8759","2","German",0.0272479564032698,0.348773841961853
"444","8723","1","English",0.437333333333333,0.0346666666666667
"445","8371","2","German",0.0605143721633888,0.444024205748865
"446","8923","2","German",0.0671855796804588,0.400655469070053
"447","8874","2","German",0.027511961722488,0.382775119617225
"448","9002","1","English",0.514814814814815,0.0592592592592593
"449","9011","2","German",0.0539568345323741,0.456834532374101
"450","9066","1","English",0.297931034482759,0.00827586206896552
"451","9096","2","German",0.0380577427821522,0.266404199475066
"452","9104","1","English",0.213921901528014,0.0118845500848896
"453","9118","2","German",0.0591805766312595,0.169954476479514
"454","9173","1","English",0.563636363636364,0.0303030303030303
"455","9304","1","English",0.450738916256158,0.0270935960591133
"456","9290","1","English",0.44415127528584,0.0316622691292876
"457","9246","2","German",0.052914798206278,0.343497757847534
"458","9477","2","German",0.0242914979757085,0.319838056680162
"459","9335","2","German",0.0175298804780877,0.383266932270916
"460","9393","1","English",0.498889711324944,0.0207253886010363
"461","9528","2","German",0.0325238508239376,0.315264527320035
"462","9450","1","English",0.413484971567831,0.0381803411860276
"463","9414","1","English",0.363232682060391,0.0239786856127886
"464","9346","2","German",0.0415627597672485,0.311720698254364
"465","9628","2","German",0.0393939393939394,0.375757575757576
"466","9424","1","English",0.428571428571429,0.0321428571428571
"467","9684","2","German",0.13,0.23875
"468","9693","2","German",0.0514851485148515,0.388118811881188
"469","9551","2","German",0.0205831903945112,0.497427101200686
"470","9656","2","German",0.136279926335175,0.329650092081031
"471","9778","1","English",0.55,0.0267857142857143
"472","9802","2","German",0.06,0.32
"473","8977","2","German",0.0333716915995397,0.351553509781358
"474","8774","1","English",0.423382519863791,0.025539160045403
"475","9853","1","English",0.579268292682927,0.0350609756097561
"476","9825","2","German",0.0412371134020619,0.391752577319588
"477","9838","2","German",0.0381679389312977,0.469465648854962
"478","9844","1","English",0.525925925925926,0.0555555555555556
"479","9808","2","German",0.0578512396694215,0.406611570247934
"480","9919","1","English",0.493827160493827,0.0493827160493827
"481","9922","2","German",0.032258064516129,0.397849462365591
"482","8785","2","German",0.0305732484076433,0.323566878980892
"483","8512","1","English",0.403508771929825,0.0112781954887218
"484","9972","2","German",0.0357142857142857,0.321428571428571
"485","9930","1","English",0.560129136400323,0.0306698950766747
"486","9999","1","English",0.491228070175439,0.0482456140350877
"487","10007","2","German",0.0451612903225806,0.448387096774194
"488","10038","1","English",0.488721804511278,0.0413533834586466
"489","10047","2","German",0.0526315789473684,0.342105263157895
"490","10067","2","German",0.0344827586206897,0.457854406130268
"491","10118","2","German",0.0408858603066439,0.528109028960818
"492","10099","2","German",0.0616438356164384,0.450342465753425
"493","10132","2","German",0.0608575380359613,0.261410788381743
"494","10158","1","English",0.337062937062937,0.0223776223776224
"495","10279","1","English",0.528552456839309,0.0385126162018592
"496","9020","2","German",0.0361111111111111,0.291666666666667
"497","10301","2","German",0.0338983050847458,0.450847457627119
"498","10310","1","English",0.402116402116402,0.0211640211640212
"499","10502","1","English",0.587869362363919,0.0373250388802488
"500","10493","2","German",0.0236220472440945,0.518110236220472
"501","10351","1","English",0.323374340949033,0.0228471001757469
"502","10405","2","German",0.0509993108201241,0.39421088904204
"503","9904","1","English",0.493887530562347,0.0366748166259169
"504","10612","1","English",0.474576271186441,0
"505","10602","1","English",0.500514933058702,0.0216271884654995
"506","10516","2","German",0.0247678018575851,0.373581011351909
"507","10628","2","German",0.0176470588235294,0.385294117647059
"508","10676","2","German",0.0346787947697555,0.387151790790222
"509","10459","2","German",0.0431965442764579,0.35097192224622
"510","10357","2","German",0.0311827956989247,0.412903225806452
"511","10639","1","English",0.502274795268426,0.0245677888989991
"512","10593","2","German",0.04860088365243,0.351988217967599
"513","10520","1","English",0.4860088365243,0.0250368188512518
"514","8403","2","German",0.03,0.447777777777778
"515","10902","1","English",0.533687943262411,0.0425531914893617
"516","10772","1","English",0.479378942261038,0.0402717127607957
"517","10654","2","German",0.0276729559748428,0.408176100628931
"518","11026","2","German",0.0571428571428571,0.421428571428571
"519","10686","2","German",0.0479867622724766,0.379481522338665
"520","10800","1","English",0.486153846153846,0.0292307692307692
"521","11049","1","English",0.451754385964912,0.0233918128654971
"522","10716","2","German",0.0565085771947528,0.336528758829465
"523","11014","1","English",0.590878604963112,0.0409121395036888
"524","9023","2","German",0.0302066772655008,0.327503974562798
"525","10876","1","English",0.386581469648562,0.0143769968051118
"526","11148","1","English",0.481890730509515,0.0251688152240638
"527","11092","2","German",0.0677290836653386,0.343293492695883
"528","11111","1","English",0.433537832310838,0.0299931833674165
"529","9030","2","German",0.0271629778672032,0.267605633802817
"530","11250","1","English",0.331319234642497,0.0171198388721047
"531","11284","1","English",0.483660130718954,0.0566448801742919
"532","11390","2","German",0.04337899543379,0.388127853881279
"533","11193","1","English",0.409090909090909,0.0264270613107822
"534","11514","1","English",0.579288025889968,0.0436893203883495
"535","11488","2","German",0.062015503875969,0.477519379844961
"536","11321","1","English",0.424764890282132,0.0203761755485893
"537","11344","2","German",0.0500863557858377,0.321243523316062
"538","11312","1","English",0.411764705882353,0.0260869565217391
"539","11410","1","English",0.330605564648118,0.013911620294599
"540","11522","2","German",0.0399159663865546,0.439075630252101
"541","10823","2","German",0.0308441558441558,0.451298701298701
"542","11346","1","English",0.48220640569395,0.0391459074733096
"543","11896","2","German",0.0626118067978533,0.386404293381038
"544","12058","1","English",0.547619047619048,0.0267857142857143
"545","11703","2","German",0.0452079566003617,0.413200723327306
"546","11670","2","German",0.0564516129032258,0.419354838709677
"547","11771","1","English",0.440573770491803,0.0254098360655738
"548","11726","2","German",0.058469475494411,0.310404127257094
"549","12036","2","German",0.0178571428571429,0.336734693877551
"550","11853","1","English",0.372781065088757,0.0201183431952663
"551","11575","1","English",0.48502994011976,0.0395209580838323
"552","12010","1","English",0.322784810126582,0.0205696202531646
"553","11782","2","German",0.0492845786963434,0.251192368839428
"554","12272","1","English",0.399076517150396,0.0244063324538259
"555","12334","2","German",0.0538302277432712,0.301587301587302
"556","12288","1","English",0.574390243902439,0.0280487804878049
"557","11850","2","German",0.042798353909465,0.269135802469136
"558","12419","2","German",0.0333333333333333,0.45
"559","11868","1","English",0.529654036243822,0.0444810543657331
"560","12291","1","English",0.611023622047244,0.0377952755905512
"561","12524","2","German",0.0366132723112128,0.437070938215103
"562","12119","1","English",0.521777386713594,0.0299164100307963
"563","12313","1","English",0.554514480408859,0.030664395229983
"564","12576","1","English",0.520504731861199,0.0347003154574132
"565","12480","2","German",0.0429553264604811,0.465635738831615
"566","12399","1","English",0.534177215189873,0.0227848101265823
"567","12675","2","German",0.0210526315789474,0.368421052631579
"568","12390","2","German",0.0355504587155963,0.407110091743119
"569","12276","1","English",0.540603248259861,0.0324825986078886
"570","12512","1","English",0.502753737214792,0.034618410700236
"571","12458","2","German",0.0512820512820513,0.407407407407407
"572","12796","2","German",0.0357142857142857,0.380952380952381
"573","12880","1","English",0.410998552821997,0.0231548480463097
"574","12976","1","English",0.408579465541491,0.0133614627285513
"575","12360","2","German",0.0244200244200244,0.474969474969475
"576","12180","1","English",0.323019801980198,0.0235148514851485
"577","12663","1","English",0.519604500511422,0.0276167746334811
"578","12770","1","English",0.402038505096263,0.0203850509626274
"579","12991","1","English",0.43206106870229,0.0198473282442748
"580","13013","1","English",0.457097457627119,0.0323093220338983
"581","13356","1","English",0.390449438202247,0.0365168539325843
"582","13472","1","English",0.57488986784141,0.0315712187958884
"583","13375","1","English",0.558610709117221,0.0303907380607815
"584","12891","2","German",0.0291750503018109,0.417505030181087
"585","13217","1","English",0.364779874213836,0.0260557053009883
"586","13097","1","English",0.402149321266968,0.0299773755656109
"587","13726","1","English",0.531958762886598,0.0237113402061856
"588","13343","1","English",0.404679376083189,0.024263431542461
"589","13703","2","German",0.0225825130283729,0.456282570932252
"590","13671","1","English",0.553611738148984,0.0338600451467269
"591","13851","2","German",0.0322997416020672,0.422480620155039
"592","13235","1","English",0.399686520376176,0.0360501567398119
"593","13203","1","English",0.434262948207171,0.0239043824701195
"594","13982","1","English",0.526315789473684,0.0385964912280702
"595","13753","1","English",0.500335345405768,0.0355466130114017
"596","13628","2","German",0.0398642917726887,0.385920271416455
"597","13606","1","English",0.452946350043975,0.0343007915567282
"598","14078","1","English",0.428712382831771,0.0236803157375432
"599","14110","2","German",0.0662983425414365,0.403314917127072
"600","14112","1","English",0.494505494505495,0.0384615384615385
"601","14000","1","English",0.537720706260032,0.0264847512038523
"602","14124","2","German",0.0218531468531469,0.442307692307692
"603","13920","1","English",0.463897763578275,0.0319488817891374
"604","13797","2","German",0.0552901023890785,0.329692832764505
"605","14146","2","German",0.0427046263345196,0.421115065243179
"606","14178","1","English",0.534412955465587,0.0458839406207827
"607","14211","1","English",0.437735849056604,0.0169811320754717
"608","14317","1","English",0.546902654867257,0.0230088495575221
"609","14339","1","English",0.455648218347233,0.0265352539802881
"610","14413","1","English",0.475,0.0190217391304348
"611","14397","1","English",0.456159822419534,0.0188679245283019
"612","14361","2","German",0.0224852071005917,0.383431952662722
"613","14238","2","German",0.0732758620689655,0.318965517241379
"614","14251","1","English",0.38494623655914,0.0236559139784946
"615","13944","1","English",0.495746326372776,0.0332559938128384
"616","14595","1","English",0.489795918367347,0.0318877551020408
"617","14581","1","English",0.509136735979836,0.0270951480781348
"618","14451","2","German",0.0446194225721785,0.438320209973753
"619","14536","1","English",0.554628224582701,0.050834597875569
"620","14548","1","English",0.327450980392157,0.0431372549019608
"621","14726","1","English",0.484621155288822,0.0360090022505626
"622","14759","2","German",0.0191082802547771,0.43312101910828
"623","14792","2","German",0.031936127744511,0.441117764471058
"624","14802","1","English",0.516493873704053,0.0329877474081056
"625","14831","1","English",0.543636363636364,0.0527272727272727
"626","14843","1","English",0.546971345665578,0.0355458832063838
"627","14869","1","English",0.373151308304892,0.0290102389078498
"628","14525","2","German",0.0396039603960396,0.415841584158416
"629","14925","2","German",0.0510752688172043,0.405913978494624
"630","14954","1","English",0.39067055393586,0.0233236151603499
"631","14983","2","German",0.027027027027027,0.336336336336336
"632","14617","1","English",0.574850299401198,0.029940119760479
"633","15081","1","English",0.540346682606097,0.0436341900777047
"634","15148","1","English",0.540983606557377,0.0351288056206089
"635","15187","1","English",0.650537634408602,0.032258064516129
"636","15217","2","German",0.0540540540540541,0.391891891891892
"637","15232","2","German",0.0182926829268293,0.378048780487805
"638","15271","2","German",0.0236220472440945,0.429133858267717
"639","15286","1","English",0.445141065830721,0.0188087774294671
"640","15325","2","German",0.0396270396270396,0.377622377622378
"641","15243","1","English",0.478041756659467,0.0237580993520518
"642","15425","1","English",0.523153942428035,0.0381727158948686
"643","15461","2","German",0.0363128491620112,0.379888268156425
"644","15370","1","English",0.467503692762186,0.0280649926144756
"645","15475","1","English",0.513719943422914,0.0325318246110325
"646","15599","1","English",0.640198511166253,0.0148883374689826
"647","15684","2","German",0.0372460496613995,0.45823927765237
"648","15625","1","English",0.572268326417704,0.039073305670816
"649","15666","1","English",0.424057084607543,0.0224260958205912
"650","15797","2","German",0.0271691498685364,0.413672217353199
"651","15592","2","German",0.039568345323741,0.396882494004796
"652","15750","1","English",0.476981132075472,0.0260377358490566
"653","15857","1","English",0.454909819639279,0.0240480961923848
"654","15894","1","English",0.52590799031477,0.0300242130750605
"655","15808","2","German",0.0322245322245322,0.413721413721414
"656","15943","1","English",0.53259949195597,0.0177815410668925
"657","15971","2","German",0.0158730158730159,0.428571428571429
"658","15990","2","German",0.0343316289262235,0.426588750913075
"659","16006","1","English",0.493935309973046,0.043800539083558
"660","16043","2","German",0.0138888888888889,0.375
"661","16007","1","English",0.498862774829416,0.0348749052312358
"662","15545","1","English",0.489082969432314,0.0294759825327511
"663","16086","2","German",0.0504169825625474,0.421531463229719
"664","15778","1","English",0.480392156862745,0.0333333333333333
"665","16222","1","English",0.442857142857143,0.0428571428571429
"666","16127","1","English",0.528387898881061,0.0356402818068794
"667","16187","2","German",0.045016077170418,0.29903536977492
"668","16237","2","German",0.052233676975945,0.414432989690722
"669","16393","1","English",0.541284403669725,0.0458715596330275
"670","16404","1","English",0.582325969153814,0.0350145894122551
"671","16379","2","German",0.0298879202988792,0.313823163138232
"672","16303","1","English",0.429213483146067,0.0314606741573034
"673","16480","1","English",0.485416666666667,0.0604166666666667
"674","16541","1","English",0.498997995991984,0.0290581162324649
"675","16552","1","English",0.394565217391304,0.0239130434782609
"676","16510","1","English",0.462914255654918,0.0273540241977906
"677","16150","2","German",0.0233644859813084,0.373831775700935
"678","16567","1","English",0.465408805031447,0.0387840670859539
"679","16681","1","English",0.349924585218703,0.030920060331825
"680","16753","2","German",0.0489731437598736,0.429173249078462
"681","16778","2","German",0.0457063711911357,0.396814404432133
"682","16385","1","English",0.510121457489879,0.0283400809716599
"683","16882","1","English",0.543564356435644,0.0198019801980198
"684","16671","1","English",0.387351778656126,0.033596837944664
"685","16768","2","German",0.0357852882703777,0.345924453280318
"686","17011","2","German",0.0434782608695652,0.293478260869565
"687","16813","2","German",0.0366197183098592,0.357746478873239
"688","16837","1","English",0.461447212336892,0.0391459074733096
"689","16244","1","English",0.399550224887556,0.0254872563718141
"690","17085","1","English",0.482168330955777,0.0370898716119829
"691","17169","1","English",0.487080103359173,0.0284237726098191
"692","17139","2","German",0.0357497517378352,0.422045680238332
"693","16932","1","English",0.453631284916201,0.0223463687150838
"694","16913","1","English",0.48301329394387,0.0258493353028065
"695","17326","1","English",0.402843601895735,0.0292259083728278
"696","17412","2","German",0.0486274509803922,0.301960784313725
"697","17507","2","German",0.0309110629067245,0.402386117136659
"698","17450","1","English",0.314647377938517,0.0198915009041591
"699","17542","1","English",0.578492935635793,0.0282574568288854
"700","17631","1","English",0.33950046253469,0.0222016651248844
"701","17623","1","English",0.497267759562842,0.0273224043715847
"702","17723","1","English",0.4665282823041,0.0306175402179554
"703","17782","2","German",0.051980198019802,0.314356435643564
"704","17710","1","English",0.485920577617329,0.0288808664259928
"705","17653","2","German",0.0465116279069767,0.378294573643411
"706","17380","1","English",0.485661178969729,0.0382368560807223
"707","17520","1","English",0.388577827547592,0.0251959686450168
"708","17908","1","English",0.561068702290076,0.0305343511450382
"709","17937","2","German",0.03125,0.442540322580645
"710","17944","1","English",0.540540540540541,0.047047047047047
"711","17961","1","English",0.447004608294931,0.0230414746543779
"712","16296","2","German",0.0284431137724551,0.420658682634731
"713","17990","1","English",0.40990099009901,0.0158415841584158
"714","17295","1","English",0.52972027972028,0.0253496503496503
"715","18059","2","German",0.111111111111111,0.444444444444444
"716","18075","2","German",0.0272108843537415,0.340136054421769
"717","17578","1","English",0.603045685279188,0.034010152284264
"718","18124","2","German",0.0148148148148148,0.377777777777778
"719","18112","1","English",0.506432748538012,0.0292397660818713
"720","18118","1","English",0.343532684283727,0.019471488178025
"721","18236","1","English",0.51778955336866,0.0310370931112793
"722","18276","1","English",0.579462102689487,0.0317848410757946
"723","18295","2","German",0.0355191256830601,0.453551912568306
"724","18175","1","English",0.494059405940594,0.0316831683168317
"725","18320","2","German",0.0361898258791396,0.275179242062137
"726","18449","2","German",0.0826271186440678,0.235169491525424
"727","18532","1","English",0.364372469635628,0.0303643724696356
"728","18218","1","English",0.473182359952324,0.032181168057211
"729","18230","1","English",0.466854724964739,0.0423131170662905
"730","18265","1","English",0.435897435897436,0.0278388278388278
"731","18710","1","English",0.472222222222222,0.0363756613756614
"732","18457","1","English",0.404306220095694,0.0287081339712919
"733","18769","2","German",0.0879120879120879,0.461538461538462
"734","18775","1","English",0.520833333333333,0.0520833333333333
"735","18786","1","English",0.568181818181818,0.0369318181818182
"736","18649","1","English",0.298795180722892,0.0168674698795181
"737","18877","2","German",0.0417910447761194,0.441791044776119
"738","18638","2","German",0.065738592420727,0.382057231245166
"739","19082","2","German",0.0714285714285714,0.428571428571429
"740","19094","1","English",0.407407407407407,0.037037037037037
"741","19108","2","German",0.0534313725490196,0.373039215686275
"742","18835","1","English",0.567629179331307,0.0303951367781155
"743","18852","1","English",0.454930278884462,0.0268924302788845
"744","18840","1","English",0.530482977038797,0.0332541567695962
"745","19048","1","English",0.272915587778353,0.018125323666494
"746","19128","1","English",0.335418295543393,0.019546520719312
"747","19294","2","German",0.0255255255255255,0.423423423423423
"748","19190","1","English",0.507671781187458,0.0373582388258839
"749","19344","2","German",0.0403726708074534,0.440993788819876
"750","19359","2","German",0.0355129650507328,0.412626832018038
"751","18999","1","English",0.516434705359787,0.0361267397098016
"752","19252","1","English",0.51780207457247,0.0311185870479394
"753","19494","1","English",0.241970021413276,0.0256959314775161
"754","19512","1","English",0.473799126637555,0.0349344978165939
"755","19536","2","German",0.0365033621517771,0.425552353506244
"756","19552","2","German",0.028107432854466,0.414116177389132
"757","19602","2","German",0.0348421679571173,0.422275163787969
"758","19477","2","German",0.081620669406929,0.375220199647681
"759","19424","2","German",0.121230769230769,0.326769230769231
"760","19749","2","German",0.0614035087719298,0.317543859649123
"761","19787","1","English",0.555258467023173,0.0294117647058824
"762","19809","2","German",0.0382387022016222,0.338354577056779
"763","19800","1","English",0.502044989775051,0.0286298568507157
"764","19884","2","German",0.025390625,0.390625
"765","19890","1","English",0.44547134935305,0.033271719038817
"766","19875","2","German",0.0600961538461538,0.335336538461538
"767","19824","2","German",0.0555555555555556,0.310699588477366
"768","19936","2","German",0.0342205323193916,0.378326996197719
"769","20094","1","English",0.57773851590106,0.0335689045936396
"770","20121","2","German",0.0499468650371945,0.358129649309245
"771","20127","1","English",0.49403578528827,0.0248508946322068
"772","20143","2","German",0.0440744368266405,0.342801175318315
"773","20158","1","English",0.478077571669477,0.0269814502529511
"774","20183","1","English",0.539914468995011,0.033856022808268
"775","20229","1","English",0.425878320479863,0.0359897172236504
"776","20309","2","German",0.0579150579150579,0.395109395109395
"777","20322","1","English",0.445302445302445,0.0205920205920206
"778","20346","1","English",0.421621621621622,0.027027027027027
"779","20373","1","English",0.569422776911076,0.0296411856474259
"780","20445","1","English",0.646616541353383,0.0451127819548872
"781","20243","1","English",0.421452301850973,0.0256288561936402
"782","20505","1","English",0.517241379310345,0.0583554376657825
"783","20465","2","German",0.0466666666666667,0.340952380952381
"784","20498","1","English",0.45679012345679,0.0322886989553656
"785","20526","2","German",0.0358490566037736,0.435849056603774
"786","20564","1","English",0.609756097560976,0.0308943089430894
"787","20577","2","German",0.0385259631490787,0.450586264656616
"788","20585","1","English",0.507352941176471,0.0404411764705882
"789","20608","2","German",0.0307125307125307,0.460687960687961
"790","20547","2","German",0.0656887755102041,0.279974489795918
"791","20641","2","German",0.0390583199571964,0.337078651685393
"792","20675","2","German",0.0327635327635328,0.396011396011396
"793","20688","1","English",0.454054054054054,0.0351351351351351
"794","20669","1","English",0.519519519519519,0.036036036036036
"795","20645","2","German",0.0357446808510638,0.407659574468085
"796","20759","2","German",0.0352187833511206,0.408751334044824
"797","20842","2","German",0.0173589584624923,0.358338499690019
"798","20859","1","English",0.480489225393128,0.0302853814793244
"799","20865","1","English",0.281936127744511,0.0209580838323353
"800","20878","2","German",0.0316883116883117,0.227012987012987
"801","20721","2","German",0.0261075949367089,0.451740506329114
"802","20803","1","English",0.429640718562874,0.0247005988023952
"803","20895","2","German",0.0521739130434783,0.356521739130435
"804","20909","2","German",0.0422535211267606,0.370892018779343
"805","20973","1","English",0.476190476190476,0.0714285714285714
"806","20969","2","German",0.0416666666666667,0.40625
"807","21005","1","English",0.440243902439024,0.0353658536585366
"808","21023","1","English",0.356643356643357,0.0256410256410256
"809","20037","2","German",0.0304232804232804,0.386243386243386
"810","21099","1","English",0.341024198086663,0.0219471018570625
"811","20915","1","English",0.375655212580082,0.0203843913803145
"812","20991","2","German",0.0378181818181818,0.442181818181818
"813","21192","2","German",0.0528200537153089,0.383169203222919
"814","21223","1","English",0.468208092485549,0.0289017341040462
"815","21338","1","English",0.462946020128088,0.0311070448307411
"816","21284","1","English",0.480721081622434,0.0320480721081622
"817","21394","2","German",0.0372720063441713,0.3949246629659
"818","21451","1","English",0.371100164203612,0.028735632183908
"819","21497","2","German",0.0714285714285714,0.391389432485323
"820","21467","1","English",0.479690522243714,0.0299806576402321
"821","21521","1","English",0.530456852791878,0.032994923857868
"822","21532","2","German",0.1,0.5
"823","21416","1","English",0.324858757062147,0.0188323917137476
"824","21511","1","English",0.408736349453978,0.0343213728549142
"825","21586","1","English",0.434022988505747,0.0170114942528736
"826","21240","1","English",0.500112485939258,0.0389201349831271
"827","21610","2","German",0.0327433628318584,0.376106194690265
"828","21537","1","English",0.359848484848485,0.0189393939393939
"829","21627","1","English",0.446862996158771,0.0211267605633803
"830","21644","1","English",0.470173187940988,0.0230917254650417
"831","21718","1","English",0.575566750629723,0.0314861460957179
"832","21731","2","German",0.045822102425876,0.366576819407008
"833","21769","2","German",0.0391542678151919,0.398590446358653
"834","21865","2","German",0.0376884422110553,0.35427135678392
"835","21881","1","English",0.38676844783715,0.0381679389312977
"836","21916","1","English",0.505742049469965,0.0300353356890459
"837","21953","1","English",0.494845360824742,0.0360824742268041
"838","21970","2","German",0.0214285714285714,0.382142857142857
"839","21960","2","German",0.039344262295082,0.404918032786885
"840","21977","1","English",0.53056768558952,0.0436681222707424
"841","21997","1","English",0.52962962962963,0.0382716049382716
"842","22009","1","English",0.460076045627376,0.0247148288973384
"843","22034","1","English",0.441783100465735,0.0219560878243513
"844","21809","1","English",0.416201117318436,0.00837988826815642
"845","22116","1","English",0.49949545913219,0.0221997981836529
"846","22168","1","English",0.357549857549858,0.0170940170940171
"847","21828","1","English",0.495221546481321,0.0234578627280626
"848","22232","1","English",0.437818181818182,0.0269090909090909
"849","22304","2","German",0.0446096654275093,0.41635687732342
"850","22164","1","English",0.369351669941061,0.0230844793713163
"851","22351","2","German",0.0294117647058824,0.389705882352941
"852","22423","1","English",0.432855280312907,0.0404172099087353
"853","22376","1","English",0.471120040180814,0.0291310899045706
"854","22282","1","English",0.423529411764706,0.0176470588235294
"855","22456","1","English",0.548758328285887,0.0296789824348879
"856","22359","2","German",0.0213592233009709,0.412621359223301
"857","22541","2","German",0.0412234042553191,0.393617021276596
"858","22544","1","English",0.5,0.0302267002518892
"859","22572","1","English",0.460431654676259,0.0273381294964029
"860","22675","2","German",0.05,0.416666666666667
"861","22090","1","English",0.428410372040586,0.0208568207440812
"862","22739","1","English",0.505263157894737,0.0355263157894737
"863","22736","2","German",0.0378378378378378,0.464864864864865
"864","22664","2","German",0.0357142857142857,0.464285714285714
"865","22785","2","German",0.046875,0.515625
"866","22754","2","German",0.0281531531531532,0.38963963963964
"867","22799","1","English",0.543636363636364,0.0218181818181818
"868","22636","2","German",0.0590405904059041,0.46309963099631
"869","22793","2","German",0.0370722433460076,0.376425855513308
"870","22601","1","English",0.448920863309352,0.0316546762589928
"871","23058","1","English",0.478471001757469,0.0281195079086116
"872","23103","2","German",0.034965034965035,0.370629370629371
"873","22551","1","English",0.379432624113475,0.0274822695035461
"874","23111","2","German",0.0262639527248851,0.43532501641497
"875","23067","1","English",0.454230235783634,0.0374479889042996
"876","23156","2","German",0.0297339593114241,0.439749608763693
"877","23151","1","English",0.58842188739096,0.04203013481364
"878","23170","2","German",0.0360750360750361,0.457431457431457
"879","23185","1","English",0.57243816254417,0.0323069156991418
"880","23161","1","English",0.448811700182815,0.0457038391224863
"881","23258","2","German",0.025035765379113,0.344062947067239
"882","23323","2","German",0.0319096710849288,0.438880706921944
"883","23307","1","English",0.537623762376238,0.0361386138613861
"884","23317","1","English",0.436672967863894,0.0242596093257719
"885","23388","1","English",0.432821497120921,0.0335892514395393
"886","23414","1","English",0.41497975708502,0.0293522267206478
"887","23469","2","German",0.0214521452145215,0.34983498349835
"888","23525","1","English",0.47953216374269,0.0204678362573099
"889","22679","1","English",0.58040027605245,0.0427881297446515
"890","23355","1","English",0.43546365914787,0.025062656641604
"891","23592","2","German",0.0377358490566038,0.367924528301887
"892","23433","1","English",0.360498561840844,0.0345158197507191
"893","23538","2","German",0.0509868421052632,0.381578947368421
"894","23517","1","English",0.498432601880878,0.0564263322884013
"895","23562","1","English",0.434125269978402,0.041036717062635
"896","23580","2","German",0.0464037122969838,0.4292343387471
"897","23544","2","German",0.0277777777777778,0.361111111111111
"898","23440","1","English",0.397085610200364,0.017304189435337
"899","23144","1","English",0.41354663036079,0.0302927161334241
"900","23719","1","English",0.537796976241901,0.0374370050395968
"901","23714","1","English",0.517138599105812,0.03725782414307
"902","23766","1","English",0.471892319873317,0.0364212193190816
"903","23866","1","English",0.549063670411985,0.0299625468164794
"904","23891","1","English",0.457352941176471,0.0242647058823529
"905","23789","2","German",0.025,0.402083333333333
"906","23810","2","German",0.0314533622559653,0.352494577006508
"907","23838","1","English",0.434883720930233,0.0337209302325581
"908","23916","1","English",0.430929626411816,0.0260642919200695
"909","23735","2","German",0.0297951582867784,0.370577281191806
"910","23444","1","English",0.406001765225066,0.0353045013239188
"911","23951","1","English",0.501231527093596,0.0277093596059113
"912","23972","1","English",0.529192546583851,0.0322981366459627
"913","24017","1","English",0.32889874353289,0.0192165558019217
"914","24003","1","English",0.4613880742913,0.0254154447702835
"915","24081","1","English",0.495511669658887,0.0305206463195691
"916","23447","1","English",0.396380090497738,0.03710407239819
"917","24094","1","English",0.371621621621622,0.0135135135135135
"918","24086","2","German",0.0306748466257669,0.312883435582822
"919","24042","1","English",0.441176470588235,0.0190311418685121
"920","24102","2","German",0.0211267605633803,0.330985915492958
"921","24129","1","English",0.529439696106363,0.0303893637226971
"922","24143","2","German",0.0995475113122172,0.30316742081448
"923","24117","1","English",0.539393939393939,0.0315151515151515
"924","24191","2","German",0.03125,0.40625
"925","24204","1","English",0.492771084337349,0.0144578313253012
"926","24260","1","English",0.436705643111337,0.0310116929334011
"927","24292","1","English",0.389162561576355,0.0197044334975369
"928","24330","2","German",0.0350877192982456,0.43859649122807
"929","24176","2","German",0.0316844487552538,0.362431296475913
"930","24279","1","English",0.412676056338028,0.0206572769953052
"931","24378","1","English",0.480769230769231,0.0373303167420814
"932","24269","2","German",0.0245901639344262,0.30327868852459
"933","24272","1","English",0.476923076923077,0.0153846153846154
"934","24474","2","German",0.0145348837209302,0.379360465116279
"935","24499","1","English",0.446753246753247,0.0324675324675325
"936","24529","2","German",0.0240700218818381,0.397155361050328
"937","24540","2","German",0.0317100792751982,0.315968289920725
"938","24545","1","English",0.419753086419753,0.0269360269360269
"939","24598","2","German",0.0367647058823529,0.395220588235294
"940","24651","1","English",0.512422360248447,0.0388198757763975
"941","24405","1","English",0.485924112607099,0.025703794369645
"942","24552","2","German",0.0344036697247706,0.374617737003058
"943","24315","1","English",0.441017733230532,0.0354664610639938
"944","24425","1","English",0.463157894736842,0.0257309941520468
"945","24672","2","German",0.0516624040920716,0.313554987212276
"946","24491","1","English",0.395748987854251,0.0212550607287449
"947","24697","2","German",0.0759193357058126,0.397390272835113
"948","24700","1","English",0.515486725663717,0.0486725663716814
"949","24716","1","English",0.46556741028128,0.0271580989330747
"950","24737","1","English",0.267785771382894,0.0223820943245404
"951","24745","1","English",0.293965517241379,0.0275862068965517
"952","24551","1","English",0.580037664783427,0.0502197112366604
"953","24265","1","English",0.360076408787011,0.0257879656160458
"954","24788","1","English",0.424111948331539,0.0193756727664155
"955","24822","1","English",0.376271186440678,0.0305084745762712
"956","24855","1","English",0.51063829787234,0.0295508274231678
"957","24872","2","German",0.0435114503816794,0.431297709923664
"958","24877","1","English",0.496996996996997,0.048048048048048
"959","24892","1","English",0.499274310595065,0.034833091436865
"960","24934","1","English",0.594594594594595,0.0630630630630631
"961","24920","1","English",0.510416666666667,0.0324074074074074
"962","24810","2","German",0.0430868167202572,0.262379421221865
"963","24962","1","English",0.21,0.01
"964","25003","2","German",0.0548037889039242,0.411366711772666
"965","25035","2","German",0.0273972602739726,0.452054794520548
"966","25071","2","German",0.0419880034275921,0.414738646101114
"967","25109","1","English",0.67741935483871,0.032258064516129
"968","25033","2","German",0.0269876002917578,0.334062727935813
"969","25022","1","English",0.379925650557621,0.0275092936802974
"970","25087","2","German",0.0248344370860927,0.40976821192053
"971","25167","1","English",0.350627615062762,0.0359832635983264
"972","25195","2","German",0.0348178137651822,0.291497975708502
"973","24979","2","German",0.0215633423180593,0.386118598382749
"974","25309","1","English",0.433586892919836,0.0204798127559977
"975","25369","2","German",0.0327868852459016,0.360655737704918
"976","25156","2","German",0.0211397058823529,0.374080882352941
"977","25177","1","English",0.504464285714286,0.0290178571428571
"978","25364","1","English",0.507133592736706,0.0350194552529183
"979","25380","1","English",0.489459815546772,0.0289855072463768
"980","24565","1","English",0.526380368098159,0.0245398773006135
"981","25515","2","German",0.0311714429361488,0.409250879839115
"982","25521","1","English",0.5355587808418,0.0440251572327044
"983","25471","1","English",0.508801341156748,0.0251466890192791
"984","25506","2","German",0.035035035035035,0.353353353353353
"985","25462","1","English",0.565495207667732,0.023961661341853
"986","25542","1","English",0.484732824427481,0.0324427480916031
"987","25636","2","German",0.038655462184874,0.379831932773109
"988","25436","2","German",0.0533707865168539,0.339887640449438
"989","25590","1","English",0.509886411442995,0.0273453933529659
"990","25416","2","German",0.0283975659229209,0.27789046653144
"991","25688","1","English",0.403458213256484,0.00576368876080692
"992","25563","1","English",0.557264957264957,0.0376068376068376
"993","25728","1","English",0.427639383155397,0.0219454329774614
"994","25791","2","German",0.0235720761559383,0.327289211242067
"995","25723","1","English",0.369189907038513,0.0199203187250996
"996","25821","1","English",0.434486373165618,0.0351153039832285
"997","25843","1","English",0.472041612483745,0.0247074122236671
"998","25098","2","German",0.0326975476839237,0.381471389645777
"999","25860","1","English",0.376755070202808,0.0382215288611544
"1000","25943","2","German",0.0346385542168675,0.342620481927711
"1001","25973","2","German",0.0382308845577211,0.43928035982009
"1002","25872","1","English",0.51605504587156,0.0306766055045872
"1003","26080","2","German",0.0350441501103753,0.348509933774834
"1004","26100","1","English",0.409062693978895,0.0391061452513966
"1005","25051","1","English",0.383177570093458,0.0316319194823868
"1006","26041","2","German",0.0312267657992565,0.333828996282528
"1007","26061","1","English",0.39297124600639,0.0205385668644455
"1008","26161","2","German",0.0736278447121821,0.290941543953592
"1009","25834","2","German",0.025879917184265,0.365424430641822
"1010","26219","1","English",0.529764882441221,0.0315157578789395
"1011","26277","1","English",0.333189655172414,0.0375
"1012","25955","2","German",0.0225016545334216,0.273328921244209
"1013","26442","1","English",0.345323741007194,0.0251798561151079
"1014","24984","1","English",0.429889298892989,0.0239852398523985
"1015","26377","2","German",0.0229681978798587,0.363074204946996
"1016","26451","2","German",0.0332594235033259,0.379157427937916
"1017","26525","2","German",0.0266129032258065,0.494354838709677
"1018","26513","1","English",0.550039401103231,0.0299448384554768
"1019","25799","2","German",0.046916890080429,0.294906166219839
"1020","26299","1","English",0.323978685612789,0.0330373001776199
"1021","26846","2","German",0.0402930402930403,0.389194139194139
"1022","26985","1","English",0.454697053918844,0.0194552529182879
"1023","26869","1","English",0.476599808978032,0.0229226361031519
"1024","27155","2","German",0.0156862745098039,0.333333333333333
"1025","27084","1","English",0.401315789473684,0.0274767801857585
"1026","27015","1","English",0.4,0.0243589743589744
"1027","23353","1","English",0.482193507721399,0.0277340056728648
"1028","27078","1","English",0.454144620811287,0.0291005291005291
"1029","27067","2","German",0.0457427536231884,0.353713768115942
"1030","27184","1","English",0.412613981762918,0.0243161094224924
"1031","27230","1","English",0.44771018455229,0.0252904989747095
"1032","27307","2","German",0.0510948905109489,0.430656934306569
"1033","26826","1","English",0.544198895027624,0.0448895027624309
"1034","27291","2","German",0.0472636815920398,0.412935323383085
"1035","27326","1","English",0.333333333333333,0.0304920304920305
"1036","27312","1","English",0.507407407407407,0.0333333333333333
"1037","27250","2","German",0.0664652567975831,0.286253776435045
"1038","27031","1","English",0.418532818532819,0.0324324324324324
"1039","27441","1","English",0.339858618814573,0.042958129418162
"1040","27514","2","German",0.0415929203539823,0.405309734513274
"1041","27146","1","English",0.462745098039216,0.0172549019607843
"1042","27259","2","German",0.0332530120481928,0.384578313253012
"1043","27267","1","English",0.450294860994103,0.0412805391743892
"1044","27273","1","English",0.456093189964158,0.0331541218637993
"1045","25768","1","English",0.232988165680473,0.0332840236686391
"1046","26833","1","English",0.497863856451153,0.0267729991455426
"1047","27635","2","German",0.0535331905781585,0.41541755888651
"1048","27455","1","English",0.363636363636364,0.0353535353535354
"1049","27689","2","German",0.0673813169984686,0.216692189892802
"1050","27631","1","English",0.5264,0.0296
"1051","27460","1","English",0.350519155030433,0.0318653777300394
"1052","27796","1","English",0.591210613598673,0.0240464344941957
"1053","27831","2","German",0.0517464424320828,0.260025873221216
"1054","27818","2","German",0.0751811594202899,0.203804347826087
"1055","27826","1","English",0.498121712997746,0.0277986476333584
"1056","27833","2","German",0.0356859635210151,0.383822363203807
"1057","27870","2","German",0.0312228967909801,0.259323503902862
"1058","27979","1","English",0.439308530627584,0.0345734686208192
"1059","27364","2","German",0.023156089193825,0.417667238421955
"1060","27372","1","English",0.533446232006774,0.0321761219305673
"1061","27720","2","German",0.0353430353430353,0.271309771309771
"1062","27907","2","German",0.0294464075382803,0.362779740871614
"1063","28111","1","English",0.567424643046007,0.0200951877313591
"1064","28229","1","English",0.560846560846561,0.0321239606953893
"1065","28276","2","German",0.0303336703741153,0.351870576339737
"1066","28252","1","English",0.41453428863869,0.022517911975435
"1067","28328","2","German",0.0449790794979079,0.451359832635983
"1068","28262","1","English",0.295577130528587,0.0253505933117584
"1069","28405","2","German",0.0508196721311475,0.230601092896175
"1070","28482","1","English",0.461279461279461,0.0246913580246914
"1071","28396","1","English",0.504580152671756,0.0381679389312977
"1072","28464","2","German",0.0361816782140108,0.421862971516551
"1073","28556","2","German",0.0718835304822566,0.258416742493176
"1074","28668","2","German",0.0142857142857143,0.4
"1075","27946","2","German",0.0392545598731166,0.404837430610626
"1076","28633","2","German",0.0495934959349593,0.42520325203252
"1077","28923","1","English",0.50204415372036,0.0302534750613246
"1078","28969","1","English",0.59609756097561,0.0536585365853659
"1079","28679","1","English",0.510763209393346,0.0293542074363992
"1080","28288","1","English",0.478260869565217,0.0240409207161125
"1081","28800","2","German",0.0859481582537517,0.279672578444748
"1082","28879","1","English",0.410132689987937,0.0313630880579011
"1083","29245","1","English",0.511824324324324,0.0228040540540541
"1084","29081","1","English",0.486260454002389,0.0244922341696535
"1085","29364","2","German",0.0512129380053908,0.420485175202156
"1086","29498","2","German",0.0302158273381295,0.365467625899281
"1087","29507","1","English",0.447945205479452,0.0342465753424658
"1088","29572","2","German",0.0345744680851064,0.348404255319149
"1089","29574","2","German",0.0343878954607978,0.387895460797799
"1090","29580","2","German",0.0493951612903226,0.300403225806452
"1091","29331","1","English",0.461205028175119,0.0385782401387083
"1092","29635","2","German",0.0322455322455322,0.4001554001554
"1093","29750","2","German",0.0442338072669826,0.437598736176935
"1094","29760","1","English",0.447772096420745,0.0328707085463842
"1095","29861","1","English",0.610606060606061,0.0166666666666667
"1096","29857","1","English",0.501722949689869,0.0303239145416954
"1097","29795","2","German",0.0193498452012384,0.421826625386997
"1098","29901","2","German",0.0291627469426152,0.463311382878645
"1099","30262","1","English",0.48494983277592,0.0278706800445931
"1100","30312","2","German",0.048215113583681,0.190078813166435
"1101","30420","1","English",0.5948406676783,0.0576631259484067
"1102","30434","2","German",0.0231884057971014,0.442028985507246
"1103","30390","2","German",0.0464396284829721,0.397523219814241
"1104","30531","1","English",0.494949494949495,0.0363636363636364
"1105","30548","1","English",0.547169811320755,0.0417789757412399
"1106","30571","1","English",0.338271604938272,0.0148148148148148
"1107","30586","2","German",0.0426638917793965,0.424557752341311
"1108","30667","2","German",0.0420888542478566,0.378799688230709
"1109","30676","1","English",0.456845238095238,0.037202380952381
"1110","30502","1","English",0.415241057542768,0.0165889061689995
"1111","30664","2","German",0.0323785803237858,0.371108343711083
"1112","30628","1","English",0.438848920863309,0.0323741007194245
"1113","30616","1","English",0.447793326157158,0.0269106566200215
"1114","30730","2","German",0.0252996005326232,0.360186418109188
"1115","30763","1","English",0.587455830388693,0.0278268551236749
"1116","30820","2","German",0.0369774919614148,0.403536977491961
"1117","31030","2","German",0.0347551342812006,0.448657187993681
"1118","31093","2","German",0.0327272727272727,0.421818181818182
"1119","30878","1","English",0.458919319022946,0.0303478904515174
"1120","31283","2","German",0.0427672955974843,0.392452830188679
"1121","31314","1","English",0.561979648473636,0.0420906567992599
"1122","30404","2","German",0.0429835651074589,0.420986093552465
"1123","31481","1","English",0.53737658674189,0.0324400564174894
"1124","31495","2","German",0.0287150035893754,0.421392677674085
"1125","31642","1","English",0.333333333333333,0.018018018018018
"1126","31647","1","English",0.560794044665012,0.0372208436724566
"1127","31651","1","English",0.450901803607214,0.0220440881763527
"1128","31655","1","English",0.490136570561457,0.0333839150227618
"1129","31657","1","English",0.446978335233751,0.0433295324971494
"1130","31504","2","German",0.0726795096322242,0.32661996497373
"1131","31165","1","English",0.572127139364303,0.019559902200489
"1132","31738","2","German",0.0328515111695138,0.444152431011827
"1133","31733","1","English",0.524137931034483,0.0537931034482759
"1134","31271","1","English",0.454639709694142,0.0228097459823743
"1135","31601","1","English",0.414125200642055,0.0224719101123595
"1136","31599","2","German",0.0453172205438066,0.300604229607251
"1137","31834","1","English",0.461612284069098,0.027831094049904
"1138","31063","2","German",0.0580808080808081,0.309343434343434
"1139","31438","1","English",0.469439728353141,0.0292869269949066
"1140","31725","1","English",0.54557463672391,0.0317040951122853
"1141","31515","2","German",0.0549525101763908,0.301899592944369
"1142","32076","1","English",0.441983122362869,0.0189873417721519
"1143","31419","1","English",0.577018633540373,0.0360248447204969
"1144","32142","1","English",0.616865869853918,0.0312084993359894
"1145","31637","1","English",0.459114479457519,0.0327084164339848
"1146","31941","1","English",0.342291371994342,0.0212164073550212
"1147","30926","1","English",0.505731625084289,0.0330411328388402
"1148","32229","1","English",0.470805617147081,0.032520325203252
"1149","32053","2","German",0.0226904376012966,0.299837925445705
"1150","32200","1","English",0.386023294509151,0.0366056572379368
"1151","32125","1","English",0.445095168374817,0.020497803806735
"1152","31914","1","English",0.534391534391534,0.035978835978836
"1153","32119","1","English",0.54421768707483,0.0347694633408919
"1154","32379","1","English",0.517517517517518,0.028028028028028
"1155","32399","2","German",0.0513285024154589,0.260265700483092
"1156","32506","2","German",0.0321428571428571,0.462142857142857
"1157","32448","1","English",0.517313019390582,0.0290858725761773
"1158","32461","1","English",0.523063276167948,0.0257244234180958
"1159","32419","2","German",0.0293040293040293,0.358974358974359
"1160","32548","1","English",0.503246753246753,0.0285714285714286
"1161","32358","2","German",0.0376532399299475,0.374781085814361
"1162","33062","2","German",0.0330578512396694,0.424242424242424
"1163","32633","1","English",0.426086956521739,0.0260869565217391
"1164","32576","1","English",0.463636363636364,0.0301652892561983
"1165","33112","2","German",0.0424311926605505,0.375
"1166","33241","1","English",0.433932759968726,0.0414386239249414
"1167","31773","1","English",0.470372071658245,0.0289389067524116
"1168","33047","1","English",0.5262891809909,0.0283114256825076
"1169","33428","1","English",0.460130718954248,0.0287581699346405
"1170","33420","2","German",0.0288257736328953,0.427299703264095
"1171","32887","1","English",0.37612323491656,0.0218228498074454
"1172","32900","1","English",0.524061597690087,0.0274302213666987
"1173","32891","2","German",0.0456498388829216,0.456498388829216
"1174","33489","2","German",0.0754661142349808,0.374963006806748
"1175","32518","1","English",0.508529411764706,0.0341176470588235
"1176","33069","2","German",0.0401891252955083,0.42789598108747
"1177","33393","2","German",0.0428954423592493,0.404825737265416
"1178","33451","1","English",0.479752916952642,0.0233356211393274
"1179","33615","1","English",0.508341511285574,0.0245338567222767
"1180","33565","1","English",0.396363636363636,0.0227272727272727
"1181","33696","2","German",0.0356234096692112,0.356234096692112
"1182","33737","1","English",0.473118279569892,0.032258064516129
"1183","33735","2","German",0.0271535580524345,0.411985018726592
"1184","34087","2","German",0.0664136622390892,0.4146110056926
"1185","33934","1","English",0.468805704099822,0.0213903743315508
"1186","33999","2","German",0.0554259043173862,0.37806301050175
"1187","34054","2","German",0.0458333333333333,0.38375
"1188","34077","1","English",0.495548961424332,0.0252225519287834
"1189","33906","2","German",0.0953288846520496,0.262154432793136
"1190","34097","1","English",0.411549037580202,0.0265811182401467
"1191","33940","2","German",0.0588679245283019,0.34188679245283
"1192","34268","1","English",0.501559020044543,0.0293986636971047
"1193","33556","1","English",0.425764192139738,0.033296943231441
"1194","34870","2","German",0.0456498388829216,0.323308270676692
"1195","33208","1","English",0.439624853458382,0.0363423212192263
"1196","34260","1","English",0.448540706605223,0.0238095238095238
"1197","34374","2","German",0.0373185901865929,0.473393227366966
"1198","34215","1","English",0.52906548933039,0.0272259013980868
"1199","34547","2","German",0.0351185250219491,0.408252853380158
"1200","34513","1","English",0.435273368606702,0.0253968253968254
"1201","34688","2","German",0.024330900243309,0.369829683698297
"1202","34493","1","English",0.443963443963444,0.0168350168350168
"1203","34735","1","English",0.405367231638418,0.038135593220339
"1204","34813","1","English",0.392857142857143,0.0277777777777778
"1205","34787","2","German",0.0471615720524017,0.387772925764192
"1206","34898","1","English",0.477491961414791,0.0297427652733119
"1207","34926","2","German",0.0327793167128347,0.451523545706371
"1208","34934","1","English",0.539885412075804,0.0308505949757602
"1209","34860","1","English",0.30026455026455,0.0149911816578483
"1210","34942","1","English",0.478260869565217,0.0224558050645007
"1211","34748","1","English",0.393883225208526,0.0213160333642261
"1212","34893","1","English",0.486735870818916,0.052479815455594
"1213","34947","1","English",0.519653564290473,0.0319786808794137
"1214","34969","2","German",0.0926183844011142,0.373955431754875
"1215","34952","1","English",0.581514762516046,0.0378690629011553
"1216","35108","1","English",0.500934579439252,0.0467289719626168
"1217","35233","1","English",0.432922407541697,0.0195794053662074
"1218","34530","1","English",0.449019607843137,0.0318627450980392
"1219","35319","1","English",0.425972713491662,0.0313289540171804
"1220","35456","2","German",0.0366361365528726,0.339716902581182
"1221","35446","1","English",0.429663608562691,0.0206422018348624
"1222","34446","2","German",0.0432801822323462,0.366742596810934
"1223","34586","2","German",0.0423953365129836,0.358770535241123
"1224","35514","2","German",0.024390243902439,0.302106430155211
"1225","35544","1","English",0.481446241674596,0.0323501427212179
"1226","35769","2","German",0.0341614906832298,0.399068322981366
"1227","35867","2","German",0.0326876513317191,0.427360774818402
"1228","35798","1","English",0.519553072625698,0.0293296089385475
"1229","35562","2","German",0.0454868514570007,0.352523098791756
"1230","35977","2","German",0.06653088934148,0.380855397148676
"1231","35993","1","English",0.472981770833333,0.0279947916666667
"1232","35911","2","German",0.0411442006269592,0.359717868338558
"1233","35658","2","German",0.0244791666666667,0.4359375
"1234","32830","2","German",0.0345323741007194,0.392805755395683
"1235","36139","2","German",0.0444072056975283,0.293255131964809
"1236","36123","2","German",0.0910951893551689,0.22517911975435
"1237","36211","1","English",0.330920372285419,0.0248190279214064
"1238","35714","2","German",0.0293180369662205,0.450605481198215
"1239","36263","2","German",0.0619195046439628,0.318885448916409
"1240","36353","1","English",0.43190537084399,0.024616368286445
"1241","35716","2","German",0.0266112266112266,0.451559251559252
"1242","36549","1","English",0.504139834406624,0.0321987120515179
"1243","36599","1","English",0.528581510232886,0.0437544107268878
"1244","35418","1","English",0.481470137825421,0.0275650842266462
"1245","36106","2","German",0.030688622754491,0.430389221556886
"1246","36633","2","German",0.0486772486772487,0.424338624338624
"1247","36640","1","English",0.517279821627648,0.0512820512820513
"1248","36690","1","English",0.509536784741144,0.0272479564032698
"1249","36666","2","German",0.0527549824150059,0.377491207502931
"1250","36822","2","German",0.0320417287630402,0.43070044709389
"1251","36779","2","German",0.0457831325301205,0.408433734939759
"1252","36787","2","German",0.0318471337579618,0.443312101910828
"1253","36884","1","English",0.505112474437628,0.0265848670756646
"1254","36656","2","German",0.0678175092478422,0.306206329634196
